Firstname,Lastname
Katherine,MacDonald
Andie,MacDowell
Ali,MacGraw
Nicoletta,Machiavelli
Marion,Mack
Lydia,Mackay
Erin,Mackey
Janet,MacLachlan
Shirley,MacLaine
Aline,MacMahon
Jeanie,Macpherson
Meredith,MacRae
Amy,Madigan
Stella,Maeve
Marjorie,Main
Tina,Majorino
Chelsea,Makela
Judy,Malcolm
Boots,Mallory
Molly,Malone
Patty,Maloney
Lauren,Maltby
Camryn,Manheim
Tamela,Mann
Irene,Manning
Dinah,Manoff
Sally,Mansfield
Gia,Mantegna
Jerri,Manthey
Marla,Maples
Vanessa,Marano
Stephanie,March
Teal,Marchande
Jamie,Marchi
Andrea,Marcovicci
Cindy,Margolis
Julianna,Margulies
Constance,Marie
Meghan,Markle
Hannah,Marks
Brit,Marling
Ellen,Marlow
June,Marlowe
Kelli,Maroney
Margaret,Marquis
Marian,Marsh
Brenda,Marshall
Arlene,Martel
Donna,Martell
Helen,Martin
Natalie,Martinez
Jana,Mashonee
Pamela,Mason
Osa,Massen
Athena,Massey
Chase,Masterson
Heather,Matarazzo
Marie,Matiko
Carmen,Mathews
Mackenzie,Mauzy
Abigail,Mavity
Jenny,Maxwell
Elaine,May
Mila,Azul
Erica,Campbell
Sophie,Kovalenko
Aisha,Patel
Hana,Sato
Isabella,Rodriguez
Mei,Chen
Olivia,James
Fatima,Al-Sayed
Clara,Van Dijk
Nancy,Ace
Mia,Malkova
Lena,Smith
Sofia,Garcia
Emma,Kim
Zoe,Nova
Ava,Bennett
Emily,Carter
Grace,Davis
Sophia,Evans
Charlotte,Fisher
Amelia,Grant
Harper,Harris
Evelyn,Irving
Luna,Jenkins
Aria,Keller
Ella,Lewis
Nora,Mitchell
Hazel,Nelson
Lily,Owens
Ellie,Parker
Violet,Quinn
Chloe,Reed
Julia,Stevens
Sadie,Taylor
Ruby,Underwood
Claire,Vance
Esme,Walker
Cora,Xavier
Ada,Young
Sienna,Zimmerman
Delilah,Adams
Maeve,Brooks
Aurora,Collins
Freya,Dixon
Ivy,Ellis
Juniper,Ford
Willow,Gibson
Eleanor,Hayes
Madeline,Ingram
Elise,Jordan
Margot,Kennedy
Daphne,Lane
Celeste,Morgan
Ophelia,Nichols
Josephine,Pierce
Eliza,Riley
Genevieve,Stone
Beatrice,Turner
Rose,Walsh
Margaret,York
Annabel,Bailey
Cecilia,Cooper
Esther,Drake
Poppy,Foster
Sage,Gray
River,Hughes
Meadow,Jackson
Sky,Knight
Phoenix,Lawson
Ember,Miles
Ocean,Norris
Lyric,Perry
Harmony,Ross
Eden,Scott
Seraphina,Tucker
Nova,Warren
Winter,Yates
Autumn,Allen
Summer,Burke
Dawn,Clark
Raven,Dean
Wren,Edwards
Lark,Fox
Dove,Greene
Robin,Hart
Sparrow,Ivers
Finch,James
Pearl,Kline
Opal,Lloyd
Sapphire,Marsh
Emerald,Neal
Amber,Ortiz
Topaz,Peters
Onyx,Ryan
Jasper,Shaw
Garnet,Tate
Amethyst,Vega
Coral,Wells
Ivory,Xu
Ebony,Yang
Jet,Zhang
Ash,Bell
Stone,Cook
Flint,Dunn
Clay,Flynn
Slate,Gomez
Cole,Hill
Reed,Ives
Brooks,Joyce
Forest,King
Ridge,Long
Canyon,Moon
Vale,Nash
Glen,O’Connor
Heath,Page
Rowan,Sims
Aspen,Todd
Birch,Vale
Cedar,Ward
Oak,Xing
Pine,Yu
Maple,Zhao
Elm,Brown
Linden,Cole
Alder,Drew
Sycamore,Finch
Magnolia,Green
Laurel,Holt
Amara,Isle
Bianca,Judd
Celeste,Kirk
Dahlia,Lake
Elara,Moss
Fiona,Nunn
Sh,Ce
Adie,Arter
My,Ook
Li,Llen
Ogan,Ollins
Ily,Rtiz
Ia,Hen
Wen,Wens
Pal,Ewis
Yatt,Ole
Uki,Amers
Tephanie,Dams
Rene,Art
Ally,Arren
Amela,Oss
Ria,Opez
Ara,Ake
Va,Dwards
In,Illiams
Iam,’connor
Olly,Olt
Ina,Ard
Illow,Sle
Ose,Cooper
Ria,Ce
Ene,E
In,Vans
Eredith,Ook
Eghan,Ss
Aple,Haw
Uby,Art
Ndrea,Amers
Rin,Dwards
Ia,Ruz
Ancy,Ok
Rlene,Mith
Ose,Lt
Ydia,Ee
Sa,Tone
Arian,Eject
Da,Oon
Ky,Ke
Lla,Wis
Aurel,Alsh
Oah,Rren
N,Argulies
Att,Llins
Ria,Li